Samsung galaxy a50 blue;;Серпуховская;https://www.avito.ru/moskva/telefony/samsung_galaxy_a50_blue_2049583064
Новые samsung galaxy N20 256, S20,Plus,ultra 128 g;;Щелковская;https://www.avito.ru/moskva/telefony/novye_samsung_galaxy_n20_256_s20plusultra_128_g_1925982958
Samsung galaxy note 10 plus Black;;Новые Черемушки;https://www.avito.ru/moskva/telefony/samsung_galaxy_note_10_plus_black_2049477378
Телефон Samsung S20 FE;;Парк Победы;https://www.avito.ru/moskva/telefony/telefon_samsung_s20_fe_2075186906
Samsung galaxy grand Duos GT-I9082;;Ясенево;https://www.avito.ru/moskva/telefony/samsung_galaxy_grand_duos_gt-i9082_2004992267
Samsung J2 Prime;;Молодежная;https://www.avito.ru/moskva/telefony/samsung_j2_prime_2043461569
Samsung Galaxy S8 64 GB;;Молодежная;https://www.avito.ru/moskva/telefony/samsung_galaxy_s8_64_gb_2072005782
Samsung;;Выхино;https://www.avito.ru/moskva/telefony/samsung_2075619356
Samsung Galaxy S10 Plus 512GB Black;;Крестьянская застава;https://www.avito.ru/moskva/telefony/samsung_galaxy_s10_plus_512gb_black_2060265365
Samsung Galaxy S10+ 128 гб Ростест (Оригинал);;Преображенская площадь;https://www.avito.ru/moskva/telefony/samsung_galaxy_s10_128_gb_rostest_original_2029677345
Samsung galaxy Note 3 LTE;;Домодедовская;https://www.avito.ru/moskva/telefony/samsung_galaxy_note_3_lte_2019664609
Samsung A71 назапчасти;;Савеловская;https://www.avito.ru/moskva/telefony/samsung_a71_nazapchasti_1966234089
Samsung Galaxy Grand Duos;;Коломенская;https://www.avito.ru/moskva/telefony/samsung_galaxy_grand_duos_2075462917
Samsung galaxy s7;;Царицыно;https://www.avito.ru/moskva/telefony/samsung_galaxy_s7_2070220752
Samsung GT E-1200m;;Славянский бульвар;https://www.avito.ru/moskva/telefony/samsung_gt_e-1200m_1998913282
Samsung galaxy z fold 2;;Пражская;https://www.avito.ru/moskva/telefony/samsung_galaxy_z_fold_2_2064823676
Samsung demo note 10 10+ s9;;Савеловская;https://www.avito.ru/moskva/telefony/samsung_demo_note_10_10_s9_2029977896
Samsung Note 10 8/256 aura;;Рассказовка;https://www.avito.ru/moskva/telefony/samsung_note_10_8256_aura_2074718193
Samsung Galaxy S8 Duos SM-950FD;;Раменки;https://www.avito.ru/moskva/telefony/samsung_galaxy_s8_duos_sm-950fd_2039100724
Samsung galaxy z fold 2 новый;;;https://www.avito.ru/moskva_zelenograd/telefony/samsung_galaxy_z_fold_2_novyy_2069007086
Серые samsung galaxy s20 ultra g988fd 2sim demo;;Щелковская;https://www.avito.ru/moskva/telefony/serye_samsung_galaxy_s20_ultra_g988fd_2sim_demo_2022557218
Звонит Samsung galaxy S20 ultra g988ds demo;;Щелковская;https://www.avito.ru/moskva/telefony/zvonit_samsung_galaxy_s20_ultra_g988ds_demo_1990908789
Samsung A80 128gb;;Первомайская;https://www.avito.ru/moskva/telefony/samsung_a80_128gb_2068083704
Samsung Galaxy A71 Хамелеон;;Щелковская;https://www.avito.ru/moskva/telefony/samsung_galaxy_a71_hameleon_1995995050
Samsung galaxy s9 plus 256 gb Ростест;;Красные ворота;https://www.avito.ru/moskva/telefony/samsung_galaxy_s9_plus_256_gb_rostest_2037517930
Samsung galaxy a8;;Крылатское;https://www.avito.ru/moskva/telefony/samsung_galaxy_a8_2046140058
Samsung Galaxy S9 Plus 256Гб (P0cтест+Гарантия);;Марксистская;https://www.avito.ru/moskva/telefony/samsung_galaxy_s9_plus_256gb_p0ctestgarantiya_2055438017
Samsung Galaxy Note 8 SM-N950FD 64Gb;;Аннино;https://www.avito.ru/moskva/telefony/samsung_galaxy_note_8_sm-n950fd_64gb_2035327640
Samsung Galaxy S10 black 6/128;;Новокосино;https://www.avito.ru/moskva/telefony/samsung_galaxy_s10_black_6128_2060051389
Samsung Galaxy A8 64GB;;Кантемировская;https://www.avito.ru/moskva/telefony/samsung_galaxy_a8_64gb_2058316287
Samsung;;Дмитровская;https://www.avito.ru/moskva/telefony/samsung_2058461131
Samsung A50;;Марьино;https://www.avito.ru/moskva/telefony/samsung_a50_2072901932
Samsung galaxy S10;;Достоевская;https://www.avito.ru/moskva/telefony/samsung_galaxy_s10_2038736149
Samsung galaxy s5;;Соколиная гора;https://www.avito.ru/moskva/telefony/samsung_galaxy_s5_1899451563
Samsung Galaxy Note 9;;Бабушкинская;https://www.avito.ru/moskva/telefony/samsung_galaxy_note_9_2048685138
Samsung A30;;Щукинская;https://www.avito.ru/moskva/telefony/samsung_a30_2065302149
Samsung Galaxy S10plus аквамарин 6/128;;Новокосино;https://www.avito.ru/moskva/telefony/samsung_galaxy_s10plus_akvamarin_6128_2060068081
Samsung a51 черный (black) 64gb / обмен;;Калужская;https://www.avito.ru/moskva/telefony/samsung_a51_chernyy_black_64gb_obmen_2047907125
Samsung Galaxu Note 20 Ultra black рст;;Савеловская;https://www.avito.ru/moskva/telefony/samsung_galaxu_note_20_ultra_black_rst_2056696506
Samsung Galaxy Note 20 5G 8/256GB DS (Snapdragon);;Раменки;https://www.avito.ru/moskva/telefony/samsung_galaxy_note_20_5g_8256gb_ds_snapdragon_2072745573
Samsung note 10 по запчастям;;Савеловская;https://www.avito.ru/moskva/telefony/samsung_note_10_po_zapchastyam_1966788523
Samsung galaxy Note 5;;Савеловская;https://www.avito.ru/moskva/telefony/samsung_galaxy_note_5_2065580554
Samsung a51 красный (red) 64 gb / обмен;;Калужская;https://www.avito.ru/moskva/telefony/samsung_a51_krasnyy_red_64_gb_obmen_2047833151
Samsung Galaxy S9+;;Кантемировская;https://www.avito.ru/moskva/telefony/samsung_galaxy_s9_2068916923
Samsung S20 Ultra 12/256 Snapdragon на гарантии;;Кузнецкий мост;https://www.avito.ru/moskva/telefony/samsung_s20_ultra_12256_snapdragon_na_garantii_2058636200
Samsung galaxy S20 plus;;Охотный ряд;https://www.avito.ru/moskva/telefony/samsung_galaxy_s20_plus_2032193886
Samsung Note 20 Ultra 256 Рст чек Белый;;Селигерская;https://www.avito.ru/moskva/telefony/samsung_note_20_ultra_256_rst_chek_belyy_2019738534
Samsung Galaxy Note 20 5G 8/256GB DS (Snapdragon);;Раменки;https://www.avito.ru/moskva/telefony/samsung_galaxy_note_20_5g_8256gb_ds_snapdragon_2072745573
Samsung a51 красный (red) 64 gb / обмен;;Калужская;https://www.avito.ru/moskva/telefony/samsung_a51_krasnyy_red_64_gb_obmen_2047833151
Samsung Galaxy S9+;;Кантемировская;https://www.avito.ru/moskva/telefony/samsung_galaxy_s9_2068916923
Samsung S20 Ultra 12/256 Snapdragon на гарантии;;Кузнецкий мост;https://www.avito.ru/moskva/telefony/samsung_s20_ultra_12256_snapdragon_na_garantii_2058636200
Samsung galaxy S20 plus;;Охотный ряд;https://www.avito.ru/moskva/telefony/samsung_galaxy_s20_plus_2032193886
Samsung g955n s8 plus 64gb;;Дмитровская;https://www.avito.ru/moskva/telefony/samsung_g955n_s8_plus_64gb_1999515696
Samsung Galaxy M21 4/64 рст на гарантии;;Шипиловская;https://www.avito.ru/moskva/telefony/samsung_galaxy_m21_464_rst_na_garantii_2050861374
Samsung galaxy a71;;Марьино;https://www.avito.ru/moskva/telefony/samsung_galaxy_a71_2060943683
Samsung galaxy S7 edge;;Савеловская;https://www.avito.ru/moskva/telefony/samsung_galaxy_s7_edge_2065738659
Samsung Galaxy A51 Новый с чехлом;;Выхино;https://www.avito.ru/moskva/telefony/samsung_galaxy_a51_novyy_s_chehlom_2065318592
Samsung galaxy S6 edge;;Савеловская;https://www.avito.ru/moskva/telefony/samsung_galaxy_s6_edge_2065638168
Samsung Galaxy S9 4/64Gb;;Савеловская;https://www.avito.ru/moskva/telefony/samsung_galaxy_s9_464gb_2023971764
Samsung galaxy j7 2016;;ВДНХ;https://www.avito.ru/moskva/telefony/samsung_galaxy_j7_2016_2074273908
Samsung galaxy s20 FE Blue рст Обмен;;Соколиная гора;https://www.avito.ru/moskva/telefony/samsung_galaxy_s20_fe_blue_rst_obmen_2069886691
Samsung galaxy a51 64gb;;Полежаевская;https://www.avito.ru/moskva/telefony/samsung_galaxy_a51_64gb_2052521909
Samsung galaxy a50 64gb;;Ясенево;https://www.avito.ru/moskva/telefony/samsung_galaxy_a50_64gb_2031196484
Samsung galaxy a 21s;;Щелковская;https://www.avito.ru/moskva/telefony/samsung_galaxy_a_21s_2036637860
Samsung GT-C6112 Duos + E1070;;Пролетарская;https://www.avito.ru/moskva/telefony/samsung_gt-c6112_duos_e1070_2058420760
Samsung s20 ultra;;Проспект Мира;https://www.avito.ru/moskva/telefony/samsung_s20_ultra_2077866815
Samsung Galaxy S9+ синий космос 64gb;;Автозаводская;https://www.avito.ru/moskva/telefony/samsung_galaxy_s9_siniy_kosmos_64gb_2059008945
Samsung galaxy s9 +;;Филевский парк;https://www.avito.ru/moskva/telefony/samsung_galaxy_s9_2035530691
Samsung galaxy note 10;;Новокосино;https://www.avito.ru/moskva/telefony/samsung_galaxy_note_10_2053406719
Samsung a51 6/128;;Славянский бульвар;https://www.avito.ru/moskva/telefony/samsung_a51_6128_2053861146
Samsung A30S;;Коломенская;https://www.avito.ru/moskva/telefony/samsung_a30s_2061496570
Samsung s10 plus 128Гб;;Шелепиха;https://www.avito.ru/moskva/telefony/samsung_s10_plus_128gb_2059111857
Samsung galaxy м21;;Фрунзенская;https://www.avito.ru/moskva/telefony/samsung_galaxy_m21_2071716386
Samsung Galaxy A10 2/32GB;;Кузьминки;https://www.avito.ru/moskva/telefony/samsung_galaxy_a10_232gb_2070357230
Samsung GT-I9190 Galaxy S4 Mini;;Пражская;https://www.avito.ru/moskva/telefony/samsung_gt-i9190_galaxy_s4_mini_2066713474
Samsung A01 16Gb;;Багратионовская;https://www.avito.ru/moskva/telefony/samsung_a01_16gb_2039127945
Samsung galaxy a01;;Марьино;https://www.avito.ru/moskva/telefony/samsung_galaxy_a01_2068332163
Samsung galaxy fold 2;;Молодежная;https://www.avito.ru/moskva/telefony/samsung_galaxy_fold_2_2054969737
Samsung galaxy s8 plus 64gb;;Селигерская;https://www.avito.ru/moskva/telefony/samsung_galaxy_s8_plus_64gb_2047680173
Samsung G4, памяти 3/32 гб;;Новогиреево;https://www.avito.ru/moskva/telefony/samsung_g4_pamyati_332_gb_2074621251
Samsung Galaxy S10 чёрный;;Новогиреево;https://www.avito.ru/moskva/telefony/samsung_galaxy_s10_chernyy_1889310144
Samsung Galaxy A70. Оригинал;;Профсоюзная;https://www.avito.ru/moskva/telefony/samsung_galaxy_a70._original_2050734530
Samsung galaxy s10;;Свиблово;https://www.avito.ru/moskva/telefony/samsung_galaxy_s10_2064622853
Samsung Galaxy S9 Plus;;Хорошево;https://www.avito.ru/moskva/telefony/samsung_galaxy_s9_plus_2057074469
Samsung Galaxy S20+ 5G 12/128GB (Snapdragon 865);;Савеловская;https://www.avito.ru/moskva/telefony/samsung_galaxy_s20_5g_12128gb_snapdragon_865_2077252576
Samsung Galaxy S7. Водонироницаемый;;Чертановская;https://www.avito.ru/moskva/telefony/samsung_galaxy_s7._vodonironitsaemyy_2049886157
Samsung Galaxy S3 Mini;;;https://www.avito.ru/moskva_zelenograd/telefony/samsung_galaxy_s3_mini_2051379180?slocation=637640
Samsung galaxy a51 64gb;;Пионерская;https://www.avito.ru/moskva/telefony/samsung_galaxy_a51_64gb_2065212770
Samsung;;Братиславская;https://www.avito.ru/moskva/telefony/samsung_2072508674
Samsung galaxy s8 plus 64gb;;Красносельская;https://www.avito.ru/moskva/telefony/samsung_galaxy_s8_plus_64gb_2065327002
Samsung Galaxy Note 10plus black;;Новокосино;https://www.avito.ru/moskva/telefony/samsung_galaxy_note_10plus_black_2060086718
Samsung Galaxy S7, 32 гб;;Красногвардейская;https://www.avito.ru/moskva/telefony/samsung_galaxy_s7_32_gb_2032082478
Samsung galaxy s20;;Юго-Восточная;https://www.avito.ru/moskva/telefony/samsung_galaxy_s20_2074608093
Samsung galaxy A10;;Дмитровская;https://www.avito.ru/moskva/telefony/samsung_galaxy_a10_2050665792
Samsung galaxy s9plus 256gb Ростест;;Соколиная гора;https://www.avito.ru/moskva/telefony/samsung_galaxy_s9plus_256gb_rostest_2022777402
Samsung;;Алтуфьево;https://www.avito.ru/moskva/telefony/samsung_2044891077
Samsung Galaxy Note 9 128Gb Ростест;;Славянский бульвар;https://www.avito.ru/moskva/telefony/samsung_galaxy_note_9_128gb_rostest_2051690341
Samsung A7;;Добрынинская;https://www.avito.ru/moskva/telefony/samsung_a7_2050438696
Samsung S10 Plus 512Гб Pcт, на гарантии, идеал.сос;;Курская;https://www.avito.ru/moskva/telefony/samsung_s10_plus_512gb_pct_na_garantii_ideal.sos_2075241381
Samsung Galaxy A5 gold;;Планерная;https://www.avito.ru/moskva/telefony/samsung_galaxy_a5_gold_2047483198
Samsung Galaxy A30 (2019) 3/32;;;https://www.avito.ru/moskva_zelenograd/telefony/samsung_galaxy_a30_2019_332_2068277702
Samsung Galaxy Note 8;;Селигерская;https://www.avito.ru/moskva/telefony/samsung_galaxy_note_8_2077082449
Samsung galaxy s5;;Марьино;https://www.avito.ru/moskva/telefony/samsung_galaxy_s5_2068375028
Samsung Galaxy A3 (2016);;Ясенево;https://www.avito.ru/moskva/telefony/samsung_galaxy_a3_2016_2063511706
Samsung Galaxy S8. В идеале;;Менделеевская;https://www.avito.ru/moskva/telefony/samsung_galaxy_s8._v_ideale_2072925612
Samsung Galaxy S9 plus;;Окская;https://www.avito.ru/moskva/telefony/samsung_galaxy_s9_plus_2071752469
Samsung galaxy s20 ultra;;Комсомольская;https://www.avito.ru/moskva/telefony/samsung_galaxy_s20_ultra_2071113318
Samsung Galaxy A70 Black 128GB Duos 4G;;Охотный ряд;https://www.avito.ru/moskva/telefony/samsung_galaxy_a70_black_128gb_duos_4g_2076378119
Samsung Galaxy S6 32gb;;Калужская;https://www.avito.ru/moskva/telefony/samsung_galaxy_s6_32gb_2062229615
Samsung S10 128 gb;;Багратионовская;https://www.avito.ru/moskva/telefony/samsung_s10_128_gb_2065622298
Samsung Galaxy Fold 512Gb;;Багратионовская;https://www.avito.ru/moskva/telefony/samsung_galaxy_fold_512gb_2039133538
Samsung galaxy note 8 6/64 разбитые;;Парк культуры;https://www.avito.ru/moskva/telefony/samsung_galaxy_note_8_664_razbitye_2068139560
Samsung galaxy S10 Plus 8/128 2sim;;Бабушкинская;https://www.avito.ru/moskva/telefony/samsung_galaxy_s10_plus_8128_2sim_2048217439
Samsung Galaxy S9 64Gb;;Селигерская;https://www.avito.ru/moskva/telefony/samsung_galaxy_s9_64gb_1987858896
Samsung s10 128gb;;Домодедовская;https://www.avito.ru/moskva/telefony/samsung_s10_128gb_2076942215
Samsung galaxy j4 plus;;Верхние Лихоборы;https://www.avito.ru/moskva/telefony/samsung_galaxy_j4_plus_2057490081
Samsung galaxy A7 2017;;Цветной бульвар;https://www.avito.ru/moskva/telefony/samsung_galaxy_a7_2017_2050695855
Samsung Galaxy S8 Plus 128Gb;;Хорошево;https://www.avito.ru/moskva/telefony/samsung_galaxy_s8_plus_128gb_2077410035
Samsung A42 8/128gb 5G;;Волоколамская;https://www.avito.ru/moskva/telefony/samsung_a42_8128gb_5g_2053537148
Samsung Galaxy S III GT-I9300 LaFleur;;Бульвар Рокоссовского;https://www.avito.ru/moskva/telefony/samsung_galaxy_s_iii_gt-i9300_lafleur_2062965225
Samsung Galaxy s9 в отличном состоянии;;Площадь революции;https://www.avito.ru/moskva/telefony/samsung_galaxy_s9_v_otlichnom_sostoyanii_2068309596
Samsung Galaxy s8 64gb с комплектом;;Динамо;https://www.avito.ru/moskva/telefony/samsung_galaxy_s8_64gb_s_komplektom_2018430900
Samsung Galaxy S9+. 256 Гб, с комплектом;;Менделеевская;https://www.avito.ru/moskva/telefony/samsung_galaxy_s9._256_gb_s_komplektom_2048326929
Samsung galaxy s10 plus;;Молодежная;https://www.avito.ru/moskva/telefony/samsung_galaxy_s10_plus_2066866637
Samsung s10 128 красный Ростест;;Парк Победы;https://www.avito.ru/moskva/telefony/samsung_s10_128_krasnyy_rostest_2059771455
Samsung Note 10+ 256gb;;Багратионовская;https://www.avito.ru/moskva/telefony/samsung_note_10_256gb_2060314508
Samsung galaxy S10e состояние на 90 баллов;;Рижская;https://www.avito.ru/moskva/telefony/samsung_galaxy_s10e_sostoyanie_na_90_ballov_2040457796
Samsung Galaxy M31(Н55);;Марьино;https://www.avito.ru/moskva/telefony/samsung_galaxy_m31n55_2070359502
Samsung galaxy a50 64gb;;Кузнецкий мост;https://www.avito.ru/moskva/telefony/samsung_galaxy_a50_64gb_2048534052
Samsung Galaxy A11 2/32 Gb Black рст;;Савеловская;https://www.avito.ru/moskva/telefony/samsung_galaxy_a11_232_gb_black_rst_2060531703
Samsung Galaxy A7 Gold;;Площадь революции;https://www.avito.ru/moskva/telefony/samsung_galaxy_a7_gold_2048624148
Samsung galaxy note 20 ultra рст;;;https://www.avito.ru/moskva_zelenograd/telefony/samsung_galaxy_note_20_ultra_rst_2039675779
Samsung galaxy s9 plus 256 gb Ростест;;Красные ворота;https://www.avito.ru/moskva/telefony/samsung_galaxy_s9_plus_256_gb_rostest_2077748811
Samsung note 8 demo;;Орехово;https://www.avito.ru/moskva/telefony/samsung_note_8_demo_2050455314
Samsung galaxy note 10 snapdragon;;Охотный ряд;https://www.avito.ru/moskva/telefony/samsung_galaxy_note_10_snapdragon_2048011767
Samsung galaxy a3 2016;;Багратионовская;https://www.avito.ru/moskva/telefony/samsung_galaxy_a3_2016_2048666985
Samsung galaxy S8+;;Щелковская;https://www.avito.ru/moskva/telefony/samsung_galaxy_s8_2031470690
Samsung a20s;;Коломенская;https://www.avito.ru/moskva/telefony/samsung_a20s_2047391527
Samsung galaxy s10e;;Охотный ряд;https://www.avito.ru/moskva/telefony/samsung_galaxy_s10e_2059873782
Samsung Galaxy S8 64gb;;Охотный ряд;https://www.avito.ru/moskva/telefony/samsung_galaxy_s8_64gb_2007625562
Оригинальный Samsung galaxy S9 в идеале, документы;;Беломорская;https://www.avito.ru/moskva/telefony/originalnyy_samsung_galaxy_s9_v_ideale_dokumenty_1982515610
Samsung Galaxy Note 9 128gb;;Домодедовская;https://www.avito.ru/moskva/telefony/samsung_galaxy_note_9_128gb_1985329716
Samsung galaxy a51 128 14.02.21 гаран/Рст;;Ховрино;https://www.avito.ru/moskva/telefony/samsung_galaxy_a51_128_14.02.21_garanrst_2072897900
Samsung Galaxy A51 64GB Black (SM-A515F);;Беломорская;https://www.avito.ru/moskva/telefony/samsung_galaxy_a51_64gb_black_sm-a515f_2003945725
Samsung S20 Ultra Lite;;Люблино;https://www.avito.ru/moskva/telefony/samsung_s20_ultra_lite_2044408981
Черные samsung galaxy s10 lite g770ds 2sim demo;;Щелковская;https://www.avito.ru/moskva/telefony/chernye_samsung_galaxy_s10_lite_g770ds_2sim_demo_2054240868
Samsung galaxy s20 ultra;;Пионерская;https://www.avito.ru/moskva/telefony/samsung_galaxy_s20_ultra_2065213384
Новые Samsung S10 lite 8/128;;Лубянка;https://www.avito.ru/moskva/telefony/novye_samsung_s10_lite_8128_2055114513
Samsung galaxy A50 s 64гб black;;Кожуховская;https://www.avito.ru/moskva/telefony/samsung_galaxy_a50_s_64gb_black_2049427936
Мобильные телефоны бу samsung;;Белорусская;https://www.avito.ru/moskva/telefony/mobilnye_telefony_bu_samsung_2069939749
Samsung S20 Ultra Gray;;Профсоюзная;https://www.avito.ru/moskva/telefony/samsung_s20_ultra_gray_2016640795
Samsung galaxy active 2;;Деловой центр (МЦК);https://www.avito.ru/moskva/telefony/samsung_galaxy_active_2_2012422135
Белые samsung galaxy s10 lite g770ds 2sim demo;;Щелковская;https://www.avito.ru/moskva/telefony/belye_samsung_galaxy_s10_lite_g770ds_2sim_demo_2054667539
Samsung galaxy a5 2017 32gb;;Багратионовская;https://www.avito.ru/moskva/telefony/samsung_galaxy_a5_2017_32gb_2016066742
Samsung;;Семеновская;https://www.avito.ru/moskva/telefony/samsung_2028498529
Samsung galaxy s10 128 gb;;Строгино;https://www.avito.ru/moskva/telefony/samsung_galaxy_s10_128_gb_2066522190
Samsung galaxy s9 plus;;Войковская;https://www.avito.ru/moskva/telefony/samsung_galaxy_s9_plus_2055426430
Samsung galaxy note 10 plus 12/256 чёрный;;Багратионовская;https://www.avito.ru/moskva/telefony/samsung_galaxy_note_10_plus_12256_chernyy_2016824613
Samsung galaxy s9 plus 64gb;;Молодежная;https://www.avito.ru/moskva/telefony/samsung_galaxy_s9_plus_64gb_2056541739
Samsung galaxy note 9 128gb;;Печатники;https://www.avito.ru/moskva/telefony/samsung_galaxy_note_9_128gb_2046014365
Samsung Galaxy S20 Ultra 128 GB Чёрный Duos;;Площадь Ильича;https://www.avito.ru/moskva/telefony/samsung_galaxy_s20_ultra_128_gb_chernyy_duos_2058869835
Samsung S10 plus (аквамарин);;Теплый стан;https://www.avito.ru/moskva/telefony/samsung_s10_plus_akvamarin_2049730063
Samsung galaxy a5;;Раменки;https://www.avito.ru/moskva/telefony/samsung_galaxy_a5_2047916910
Samsung Note 20 Ultra White Snapdragon 865+;;Киевская;https://www.avito.ru/moskva/telefony/samsung_note_20_ultra_white_snapdragon_865_2063266987
Samsung Galaxy A5 2016 White(нет аккумулятора);;Преображенская площадь;https://www.avito.ru/moskva/telefony/samsung_galaxy_a5_2016_whitenet_akkumulyatora_2052855961
Samsung galaxy note 10 demo red 256gb;;Орехово;https://www.avito.ru/moskva/telefony/samsung_galaxy_note_10_demo_red_256gb_2050412519
Samsung S9 (ультрафиолет);;Савеловская;https://www.avito.ru/moskva/telefony/samsung_s9_ultrafiolet_2062824200
Samsung galaxy a3;;Аэропорт;https://www.avito.ru/moskva/telefony/samsung_galaxy_a3_2056141386
Samsung s10 lite demo (Черный);;Лубянка;https://www.avito.ru/moskva/telefony/samsung_s10_lite_demo_chernyy_2059212559
Samsung;;Курская;https://www.avito.ru/moskva/telefony/samsung_2061525784
Samsung;;Царицыно;https://www.avito.ru/moskva/telefony/samsung_2059038666
Samsung Galaxy Note 10+ demo ldu опт;;Марксистская;https://www.avito.ru/moskva/telefony/samsung_galaxy_note_10_demo_ldu_opt_2049389251
Samsung galaxy a01;;Алтуфьево;https://www.avito.ru/moskva/telefony/samsung_galaxy_a01_2075623012
Звонящие Samsung s10 lite, s20 plus, s20 ultra, de;;Щелковская;https://www.avito.ru/moskva/telefony/zvonyaschie_samsung_s10_lite_s20_plus_s20_ultra_de_2017354322
Samsung galaxy s9 plus 6/64gb;;Царицыно;https://www.avito.ru/moskva/telefony/samsung_galaxy_s9_plus_664gb_2052390419
Samsung Galaxy A51 64gb Grey;;Митино;https://www.avito.ru/moskva/telefony/samsung_galaxy_a51_64gb_grey_2069165659
Samsung galaxy note 20 ultra;;Шоссе Энтузиастов;https://www.avito.ru/moskva/telefony/samsung_galaxy_note_20_ultra_2058552139
Samsung Galaxy S9+ 64Gb Чек+Комплект+Чехол,Чёрный;;Семеновская;https://www.avito.ru/moskva/telefony/samsung_galaxy_s9_64gb_chekkomplektcheholchernyy_2022404952
Samsung Galaxy A50 64gb Blue;;ВДНХ;https://www.avito.ru/moskva/telefony/samsung_galaxy_a50_64gb_blue_1986789268
Samsung galaxy note 10 demo silver;;Пражская;https://www.avito.ru/moskva/telefony/samsung_galaxy_note_10_demo_silver_2049921768
Samsung galaxy note 10;;Люблино;https://www.avito.ru/moskva/telefony/samsung_galaxy_note_10_2047787697
Samsung s10 plus 8/128;;Минская;https://www.avito.ru/moskva/telefony/samsung_s10_plus_8128_2057610578
Samsung Galaxy S20 Ultra 128Gb черный;;Рязанский проспект;https://www.avito.ru/moskva/telefony/samsung_galaxy_s20_ultra_128gb_chernyy_2071697954
Samsung S20 Ultra G988B Офиц разблокирован;;Отрадное;https://www.avito.ru/moskva/telefony/samsung_s20_ultra_g988b_ofits_razblokirovan_1986572356
Samsung Galaxy A50 4/64 (Белый);;Рязанский проспект;https://www.avito.ru/moskva/telefony/samsung_galaxy_a50_464_belyy_2060072721
Samsung Galaxy A51 128GB Black;;Новые Черемушки;https://www.avito.ru/moskva/telefony/samsung_galaxy_a51_128gb_black_2075723062
Samsung galaxy note 10 plus demo (LDU);;Текстильщики;https://www.avito.ru/moskva/telefony/samsung_galaxy_note_10_plus_demo_ldu_2066600817
Samsung note 10 Голубой (Blue) 8/256 / обмен;;Калужская;https://www.avito.ru/moskva/telefony/samsung_note_10_goluboy_blue_8256_obmen_2047315171
Samsung galaxy a12 4/64gb blue;;Бунинская аллея;https://www.avito.ru/moskva/telefony/samsung_galaxy_a12_464gb_blue_2054203625
Телефон Samsung;;Щелковская;https://www.avito.ru/moskva/telefony/telefon_samsung_2069611139
Samsung S9+ 64gb;;Щукинская;https://www.avito.ru/moskva/telefony/samsung_s9_64gb_2049289667
Samsung galaxy A80 128 гб. angel gold Б/У;;Савеловская;https://www.avito.ru/moskva/telefony/samsung_galaxy_a80_128_gb._angel_gold_bu_2057494279
Samsung galaxy s8 plus;;Каширская;https://www.avito.ru/moskva/telefony/samsung_galaxy_s8_plus_2077551142
Samsung S9 Plus 64gb;;Савеловская;https://www.avito.ru/moskva/telefony/samsung_s9_plus_64gb_2047090296
Samsung s8 64GB;;Дмитровская;https://www.avito.ru/moskva/telefony/samsung_s8_64gb_2007849861
Samsung galaxy s20 ultra 5g;;Молодежная;https://www.avito.ru/moskva/telefony/samsung_galaxy_s20_ultra_5g_2068696336
Samsung GT-E1080W;;Марьина Роща;https://www.avito.ru/moskva/telefony/samsung_gt-e1080w_1815568941
Samsung S9 SM-G960X;;Черкизовская;https://www.avito.ru/moskva/telefony/samsung_s9_sm-g960x_2067506856
Samsung galaxy A6 plus;;Братиславская;https://www.avito.ru/moskva/telefony/samsung_galaxy_a6_plus_2064036120
Samsung galaxy A 71;;Некрасовка;https://www.avito.ru/moskva/telefony/samsung_galaxy_a_71_2052566830
Samsung Galaxy A51 64gb Grey;;Марксистская;https://www.avito.ru/moskva/telefony/samsung_galaxy_a51_64gb_grey_2050152799
Samsung galaxy a6+ заблокирован;;Люблино;https://www.avito.ru/moskva/telefony/samsung_galaxy_a6_zablokirovan_2059963297
Samsung galaxy a3;;Аэропорт;https://www.avito.ru/moskva/telefony/samsung_galaxy_a3_2056141386
Samsung S8 SM-G950X;;Черкизовская;https://www.avito.ru/moskva/telefony/samsung_s8_sm-g950x_2067493543
Samsung Galaxy A41;;Фили;https://www.avito.ru/moskva/telefony/samsung_galaxy_a41_2001458452
Samsung Galaxy Note 10+ demo ldu опт;;Марксистская;https://www.avito.ru/moskva/telefony/samsung_galaxy_note_10_demo_ldu_opt_2049389251
Samsung Galaxy S10 Plus 128Gb Snapdragon 855;;Владыкино;https://www.avito.ru/moskva/telefony/samsung_galaxy_s10_plus_128gb_snapdragon_855_2058296949
Samsung Galaxy J7 2017 16 GB. gold Б/У;;Озёрная;https://www.avito.ru/moskva/telefony/samsung_galaxy_j7_2017_16_gb._gold_bu_2057307008
Samsung S8 (скол) оригинал;;Алтуфьево;https://www.avito.ru/moskva/telefony/samsung_s8_skol_original_2071344907
Samsung s20;;Селигерская;https://www.avito.ru/moskva/telefony/samsung_s20_2049579466
Samsung galaxy note 20 ultra;;Шоссе Энтузиастов;https://www.avito.ru/moskva/telefony/samsung_galaxy_note_20_ultra_2058552139
Samsung galaxy s8 duos;;Улица Дмитриевского;https://www.avito.ru/moskva/telefony/samsung_galaxy_s8_duos_2065626152
Samsung Galaxy S8+ (SM-G955FD);;Фили;https://www.avito.ru/moskva/telefony/samsung_galaxy_s8_sm-g955fd_1989040219
Samsung galaxy a91;;Митино;https://www.avito.ru/moskva/telefony/samsung_galaxy_a91_2060714253
Samsung galaxy note 10;;Люблино;https://www.avito.ru/moskva/telefony/samsung_galaxy_note_10_2047787697
Samsung note 20;;Печатники;https://www.avito.ru/moskva/telefony/samsung_note_20_2047292511
Samsung galaxy s20 gray;;Белорусская;https://www.avito.ru/moskva/telefony/samsung_galaxy_s20_gray_2070365748
Samsung Galaxy Note 10 Plus 12/256Gb (Snap855);;Петровский парк;https://www.avito.ru/moskva/telefony/samsung_galaxy_note_10_plus_12256gb_snap855_2046209311
Samsung galaxy J1 mini 8 гб Gold б/у;;Маяковская;https://www.avito.ru/moskva/telefony/samsung_galaxy_j1_mini_8_gb_gold_bu_2056933893
Samsung S20 Ultra G988B Офиц разблокирован;;Отрадное;https://www.avito.ru/moskva/telefony/samsung_s20_ultra_g988b_ofits_razblokirovan_1986572356
Samsung Galaxy A01;;Кузьминки;https://www.avito.ru/moskva/telefony/samsung_galaxy_a01_2049782063
Samsung Galaxy A50 64gb Blue;;ВДНХ;https://www.avito.ru/moskva/telefony/samsung_galaxy_a50_64gb_blue_1986789268
Samsung Galaxy A51 64gb Grey;;Митино;https://www.avito.ru/moskva/telefony/samsung_galaxy_a51_64gb_grey_2069165659
Продам Samsung Galaxy Note 10 8/256Gb ростест;;Владыкино;https://www.avito.ru/moskva/telefony/prodam_samsung_galaxy_note_10_8256gb_rostest_2057978755
Samsung a70;;Теплый стан;https://www.avito.ru/moskva/telefony/samsung_a70_2066925188
Samsung Galaxy A50 128gb 2 sim оригинал SM-A505;;Китай-город;https://www.avito.ru/moskva/telefony/samsung_galaxy_a50_128gb_2_sim_original_sm-a505_2020634731
Samsung galaxy note 10 plus demo (LDU);;Текстильщики;https://www.avito.ru/moskva/telefony/samsung_galaxy_note_10_plus_demo_ldu_2066600817
Samsung note 10 Голубой (Blue) 8/256 / обмен;;Калужская;https://www.avito.ru/moskva/telefony/samsung_note_10_goluboy_blue_8256_obmen_2047315171
Samsung Note 10+ 12/256;;Ломоносовский проспект;https://www.avito.ru/moskva/telefony/samsung_note_10_12256_2064299900
Samsung galaxy s10 plus;;Планерная;https://www.avito.ru/moskva/telefony/samsung_galaxy_s10_plus_2052552961
Samsung s8 demo без сим модуля;;Пражская;https://www.avito.ru/moskva/telefony/samsung_s8_demo_bez_sim_modulya_2064763998
Samsung galaxy a51 64gb;;Лухмановская;https://www.avito.ru/moskva/telefony/samsung_galaxy_a51_64gb_2072423641
Samsung Galaxy Z Flip Black 256GB;;Алма-Атинская;https://www.avito.ru/moskva/telefony/samsung_galaxy_z_flip_black_256gb_2055201421
Samsung A01 Core;;ВДНХ;https://www.avito.ru/moskva/telefony/samsung_a01_core_2073748004
Samsung galaxy s8;;Беляево;https://www.avito.ru/moskva/telefony/samsung_galaxy_s8_2070636694
Samsung мини 3;;Бунинская аллея;https://www.avito.ru/moskva/telefony/samsung_mini_3_2006170780
Samsung s10 plus 8/128gb Dual;;Библиотека им. Ленина;https://www.avito.ru/moskva/telefony/samsung_s10_plus_8128gb_dual_2065352744
Samsung A01;;Шоссе Энтузиастов;https://www.avito.ru/moskva/telefony/samsung_a01_2047738973
Samsung galaxy s9+ 256gb;;Новопеределкино;https://www.avito.ru/moskva/telefony/samsung_galaxy_s9_256gb_2019563296
Samsung a50 64GB;;;https://www.avito.ru/moskva/telefony/samsung_a50_64gb_2066368067
Samsung galaxy s9+ 256gb;;Новопеределкино;https://www.avito.ru/moskva/telefony/samsung_galaxy_s9_256gb_2019563296
Samsung a50 64GB;;;https://www.avito.ru/moskva/telefony/samsung_a50_64gb_2066368067
Samsung S9 Plus 256Гб Pcт, на гарантии, в идеале;;Курская;https://www.avito.ru/moskva/telefony/samsung_s9_plus_256gb_pct_na_garantii_v_ideale_2067512999
Samsung Galaxy A50 4/64 (Белый);;Рязанский проспект;https://www.avito.ru/moskva/telefony/samsung_galaxy_a50_464_belyy_2060072721
Смартфон Samsung Galaxy J5 (2016) черный 16гб;;Солнцево;https://www.avito.ru/moskva/telefony/smartfon_samsung_galaxy_j5_2016_chernyy_16gb_2057338388
Samsung Galaxy S20 FE 128gb. рст. Новый + допы;;Ховрино;https://www.avito.ru/moskva/telefony/samsung_galaxy_s20_fe_128gb._rst._novyy_dopy_2056553321
Samsung galaxy s8plus;;Беляево;https://www.avito.ru/moskva/telefony/samsung_galaxy_s8plus_2070287050
Samsung sgh-a800 silver;;Свиблово;https://www.avito.ru/moskva/telefony/samsung_sgh-a800_silver_703181287
Samsung Galaxy Note 10 Plus 12/256Gb (N975f);;Окружная;https://www.avito.ru/moskva/telefony/samsung_galaxy_note_10_plus_12256gb_n975f_2055761904
Samsung Galaxy Note 10 Plus 256 Гб. aura black Б/у;;Киевская;https://www.avito.ru/moskva/telefony/samsung_galaxy_note_10_plus_256_gb._aura_black_bu_2057004146
Samsung galaxy S9 Plus;;Савеловская;https://www.avito.ru/moskva/telefony/samsung_galaxy_s9_plus_2065686362
Samsung S20+ 128gb черный;;Улица 1905 года;https://www.avito.ru/moskva/telefony/samsung_s20_128gb_chernyy_2048204692
Samsung Galaxy S7/S8/S9/S10/Note 8/Note 9;;Савеловская;https://www.avito.ru/moskva/telefony/samsung_galaxy_s7s8s9s10note_8note_9_2018719015
Samsung S20 Ultra 5G 256gb Black;;Комсомольская;https://www.avito.ru/moskva/telefony/samsung_s20_ultra_5g_256gb_black_2075444079
Samsung galaxy a12 4/64gb blue;;Бунинская аллея;https://www.avito.ru/moskva/telefony/samsung_galaxy_a12_464gb_blue_2054203625
Samsung Galaxy Note8. С полным комплектом;;Новослободская;https://www.avito.ru/moskva/telefony/samsung_galaxy_note8._s_polnym_komplektom_2051988972
Samsung galaxy s10;;;https://www.avito.ru/moskva_zelenograd/telefony/samsung_galaxy_s10_2055127243
Samsung Galaxy S9 Plus 256/6 gb;;Саларьево;https://www.avito.ru/moskva/telefony/samsung_galaxy_s9_plus_2566_gb_2061546767
Samsung galaxy А10;;Аннино;https://www.avito.ru/moskva/telefony/samsung_galaxy_a10_2062235256
Samsung Galaxy a8 32 GB Gold б/у;;Черкизовская;https://www.avito.ru/moskva/telefony/samsung_galaxy_a8_32_gb_gold_bu_2057483156
Samsung galaxy A50s 6/128 Gb;;Кунцевская;https://www.avito.ru/moskva/telefony/samsung_galaxy_a50s_6128_gb_1953060764
Samsung s9;;Крестьянская застава;https://www.avito.ru/moskva/telefony/samsung_s9_2038644604
Samsung м11;;Люблино;https://www.avito.ru/moskva/telefony/samsung_m11_2068418004
Samsung S20 Ultra 5G 128 Гб;;Отрадное;https://www.avito.ru/moskva/telefony/samsung_s20_ultra_5g_128_gb_2074887161
Телефон Samsung А5 2016г 16гб;;Тульская;https://www.avito.ru/moskva/telefony/telefon_samsung_a5_2016g_16gb_2076393340
Samsung Galaxy a 51 128 г;;Владыкино;https://www.avito.ru/moskva/telefony/samsung_galaxy_a_51_128_g_2066029471
Samsung galaxy s8 plus 64 gb (синий);;Марьино;https://www.avito.ru/moskva/telefony/samsung_galaxy_s8_plus_64_gb_siniy_2019933361
Samsung galaxy J1 2016;;Бибирево;https://www.avito.ru/moskva/telefony/samsung_galaxy_j1_2016_2076303518
Samsung s 10 e;;Теплый стан;https://www.avito.ru/moskva/telefony/samsung_s_10_e_2067403226
Samsung Galaxy s9+ 256gb duos;;ВДНХ;https://www.avito.ru/moskva/telefony/samsung_galaxy_s9_256gb_duos_2062282379
Samsung Galaxy S8 plus;;Петровский парк;https://www.avito.ru/moskva/telefony/samsung_galaxy_s8_plus_2071400815
Samsung Galaxy S8 Plus 64Gb;;Октябрьское поле;https://www.avito.ru/moskva/telefony/samsung_galaxy_s8_plus_64gb_2067823013
Samsung S9+ 64gb;;Тропарево;https://www.avito.ru/moskva/telefony/samsung_s9_64gb_2023279817
Samsung Galaxy S8 Plus. Комплектация, гарантия;;Серпуховская;https://www.avito.ru/moskva/telefony/samsung_galaxy_s8_plus._komplektatsiya_garantiya_2035169249
Samsung Galaxy A51-Black Brilliant;;Домодедовская;https://www.avito.ru/moskva/telefony/samsung_galaxy_a51-black_brilliant_2060161687
Телефон Samsung note 3 и 4;;Академическая;https://www.avito.ru/moskva/telefony/telefon_samsung_note_3_i_4_2068868283
Samsung Galaxy S10 Plus 8/128Gb (G975fd) Ru;;Окружная;https://www.avito.ru/moskva/telefony/samsung_galaxy_s10_plus_8128gb_g975fd_ru_2055153382
Samsung galaxy s10;;Кунцевская;https://www.avito.ru/moskva/telefony/samsung_galaxy_s10_2057823809
Samsung Galaxy S8;;Хорошево;https://www.avito.ru/moskva/telefony/samsung_galaxy_s8_2063781420
Samsung a30 demo;;Тушинская;https://www.avito.ru/moskva/telefony/samsung_a30_demo_2071421941
Samsung a50 4/64gb.ростест(на запчасти);;Селигерская;https://www.avito.ru/moskva/telefony/samsung_a50_464gb.rostestna_zapchasti_2072327851
Samsung Galaxy Note Edge 32gb;;Площадь революции;https://www.avito.ru/moskva/telefony/samsung_galaxy_note_edge_32gb_2071544859
Samsung S10e;;Щелковская;https://www.avito.ru/moskva/telefony/samsung_s10e_2048496353
Samsung Galaxy S8;;Октябрьское поле;https://www.avito.ru/moskva/telefony/samsung_galaxy_s8_2069834981
Телефон Samsung A51 64gb;;Бабушкинская;https://www.avito.ru/moskva/telefony/telefon_samsung_a51_64gb_2058637034
Телефон Samsung Galaxy S20 Ultra 5G (512 Gb);;Марксистская;https://www.avito.ru/moskva/telefony/telefon_samsung_galaxy_s20_ultra_5g_512_gb_2048247516
Samsung galaxy s10;;Сходненская;https://www.avito.ru/moskva/telefony/samsung_galaxy_s10_1812151285
Samsung galaxy a51 128gb;;Южная;https://www.avito.ru/moskva/telefony/samsung_galaxy_a51_128gb_2062573384
Samsung Galaxy A51 Cиний;;Речной вокзал;https://www.avito.ru/moskva/telefony/samsung_galaxy_a51_ciniy_1996824208
Samsung galaxy note 20 ultra 256;;Международная;https://www.avito.ru/moskva/telefony/samsung_galaxy_note_20_ultra_256_2073280560
Samsung Galaxy S7/S8/S9/S10/Note 8/Note 9;;Савеловская;https://www.avito.ru/moskva/telefony/samsung_galaxy_s7s8s9s10note_8note_9_2018719015
Samsung Galaxy Note8. С полным комплектом;;Новослободская;https://www.avito.ru/moskva/telefony/samsung_galaxy_note8._s_polnym_komplektom_2051988972
Samsung galaxy s10;;;https://www.avito.ru/moskva_zelenograd/telefony/samsung_galaxy_s10_2055127243
Телефон Samsung А5 2016г 16гб;;Тульская;https://www.avito.ru/moskva/telefony/telefon_samsung_a5_2016g_16gb_2076393340
Samsung Galaxy S8 Plus. Комплектация, гарантия;;Серпуховская;https://www.avito.ru/moskva/telefony/samsung_galaxy_s8_plus._komplektatsiya_garantiya_2035169249
Samsung galaxy А10;;Аннино;https://www.avito.ru/moskva/telefony/samsung_galaxy_a10_2062235256
Samsung Galaxy a8 32 GB Gold б/у;;Черкизовская;https://www.avito.ru/moskva/telefony/samsung_galaxy_a8_32_gb_gold_bu_2057483156
Samsung galaxy A50s 6/128 Gb;;Кунцевская;https://www.avito.ru/moskva/telefony/samsung_galaxy_a50s_6128_gb_1953060764
Samsung s9;;Крестьянская застава;https://www.avito.ru/moskva/telefony/samsung_s9_2038644604
Samsung galaxy j 4+;;Коптево;https://www.avito.ru/moskva/telefony/samsung_galaxy_j_4_2016920036
Samsung Galaxy S10E 128 гб. prism green б/у;;Кунцевская;https://www.avito.ru/moskva/telefony/samsung_galaxy_s10e_128_gb._prism_green_bu_2057122320
Samsung Galaxy A3 (2017) SM-A320F/DS 16Gb Black;;Новослободская;https://www.avito.ru/moskva/telefony/samsung_galaxy_a3_2017_sm-a320fds_16gb_black_1875916390
Samsung S20 Ultra 5G 128 Гб;;Отрадное;https://www.avito.ru/moskva/telefony/samsung_s20_ultra_5g_128_gb_2074887161
Samsung Galaxy a 51 128 г;;Владыкино;https://www.avito.ru/moskva/telefony/samsung_galaxy_a_51_128_g_2066029471
Samsung galaxy J1 2016;;Бибирево;https://www.avito.ru/moskva/telefony/samsung_galaxy_j1_2016_2076303518
Samsung s 10 e;;Теплый стан;https://www.avito.ru/moskva/telefony/samsung_s_10_e_2067403226
Samsung Galaxy S10E 128 gb черный Б/у;;Аэропорт;https://www.avito.ru/moskva/telefony/samsung_galaxy_s10e_128_gb_chernyy_bu_2057732566
Samsung galaxy s8 plus 64 gb (синий);;Марьино;https://www.avito.ru/moskva/telefony/samsung_galaxy_s8_plus_64_gb_siniy_2019933361
Samsung Galaxy note 10 plus 256 GB черный б/у;;Озёрная;https://www.avito.ru/moskva/telefony/samsung_galaxy_note_10_plus_256_gb_chernyy_bu_2057837692
Телефон Samsung Galaxy S20 Ultra 5G (512 Gb);;Марксистская;https://www.avito.ru/moskva/telefony/telefon_samsung_galaxy_s20_ultra_5g_512_gb_2048247516
Samsung S9+ 64gb;;Тропарево;https://www.avito.ru/moskva/telefony/samsung_s9_64gb_2023279817
Samsung A70;;Автозаводская;https://www.avito.ru/moskva/telefony/samsung_a70_2063688821
Samsung Galaxy A51-Black Brilliant;;Домодедовская;https://www.avito.ru/moskva/telefony/samsung_galaxy_a51-black_brilliant_2060161687
Samsung Galaxy S7 edge;;Баррикадная;https://www.avito.ru/moskva/telefony/samsung_galaxy_s7_edge_2071316236
Телефон Samsung note 3 и 4;;Академическая;https://www.avito.ru/moskva/telefony/telefon_samsung_note_3_i_4_2068868283
Новый Samsung S10 Lite G770F синий;;Лубянка;https://www.avito.ru/moskva/telefony/novyy_samsung_s10_lite_g770f_siniy_2054917293
Samsung galaxy s10;;Кунцевская;https://www.avito.ru/moskva/telefony/samsung_galaxy_s10_2057823809
Samsung Galaxy S8. Комплект, гарантия, состояние 5;;Парк культуры;https://www.avito.ru/moskva/telefony/samsung_galaxy_s8._komplekt_garantiya_sostoyanie_5_2073242900
Opигинальный Samsung Galaxy S10 128GB SM-G770 lite;;Бульвар Рокоссовского;https://www.avito.ru/moskva/telefony/opiginalnyy_samsung_galaxy_s10_128gb_sm-g770_lite_2068287957
Samsung Galaxy S8;;Хорошево;https://www.avito.ru/moskva/telefony/samsung_galaxy_s8_2063781420
Samsung a30 demo;;Тушинская;https://www.avito.ru/moskva/telefony/samsung_a30_demo_2071421941
Samsung a50 4/64gb.ростест(на запчасти);;Селигерская;https://www.avito.ru/moskva/telefony/samsung_a50_464gb.rostestna_zapchasti_2072327851
Samsung galaxy s9 64GB Фиолетовый;;Семеновская;https://www.avito.ru/moskva/telefony/samsung_galaxy_s9_64gb_fioletovyy_2047031906
Samsung galaxy s10;;Сходненская;https://www.avito.ru/moskva/telefony/samsung_galaxy_s10_1812151285
Samsung Galaxy a7 2018 64 GB Black б/у;;Лермонтовский проспект;https://www.avito.ru/moskva/telefony/samsung_galaxy_a7_2018_64_gb_black_bu_2057301064
Samsung Galaxy S8;;Октябрьское поле;https://www.avito.ru/moskva/telefony/samsung_galaxy_s8_2069834981
Телефон Samsung A51 64gb;;Бабушкинская;https://www.avito.ru/moskva/telefony/telefon_samsung_a51_64gb_2058637034
Samsung galaxy a50 64gb;;;https://www.avito.ru/moskva/telefony/samsung_galaxy_a50_64gb_2065968015
Телефон Samsung A30s 32Гб;;Селигерская;https://www.avito.ru/moskva/telefony/telefon_samsung_a30s_32gb_2056514687
Samsung galaxy a51 128gb;;Южная;https://www.avito.ru/moskva/telefony/samsung_galaxy_a51_128gb_2062573384
Samsung Galaxy A51 Cиний;;Речной вокзал;https://www.avito.ru/moskva/telefony/samsung_galaxy_a51_ciniy_1996824208
Samsung galaxy note 20 ultra 256;;Международная;https://www.avito.ru/moskva/telefony/samsung_galaxy_note_20_ultra_256_2073280560
Samsung Galaxy Note 10 demo;;Косино;https://www.avito.ru/moskva/telefony/samsung_galaxy_note_10_demo_1829894653
Samsung galaxy a50 blue;;Серпуховская;https://www.avito.ru/moskva/telefony/samsung_galaxy_a50_blue_2049583064
Samsung Note 9 Оранжевый (Orange) 6/128 / Обмен;;Калужская;https://www.avito.ru/moskva/telefony/samsung_note_9_oranzhevyy_orange_6128_obmen_2047720218
Samsung Galaxy A5 2016 (Вьетнам);;Нижегородская;https://www.avito.ru/moskva/telefony/samsung_galaxy_a5_2016_vetnam_2029705205
Samsung a50 4/64gb.ростест;;Селигерская;https://www.avito.ru/moskva/telefony/samsung_a50_464gb.rostest_2075476712
Samsung Galaxy Note 8 на Snapdragon 835;;Печатники;https://www.avito.ru/moskva/telefony/samsung_galaxy_note_8_na_snapdragon_835_2052955571
Samsung galaxy a5 2017 32 гб. черный Б/у;;Новокузнецкая;https://www.avito.ru/moskva/telefony/samsung_galaxy_a5_2017_32_gb._chernyy_bu_2056912628
Samsung Galaxy M11;;Автозаводская;https://www.avito.ru/moskva/telefony/samsung_galaxy_m11_2069012460
Samsung Galaxy M51 128гб, как новый;;Новогиреево;https://www.avito.ru/moskva/telefony/samsung_galaxy_m51_128gb_kak_novyy_2064044936
Samsung galaxy s20 ultra;;Пионерская;https://www.avito.ru/moskva/telefony/samsung_galaxy_s20_ultra_2065213384
Samsung galaxy A50 s 64гб black;;Кожуховская;https://www.avito.ru/moskva/telefony/samsung_galaxy_a50_s_64gb_black_2049427936
Samsung Galaxy A51 64GB Black (SM-A515F);;Беломорская;https://www.avito.ru/moskva/telefony/samsung_galaxy_a51_64gb_black_sm-a515f_2003945725
Samsung S20 Ultra Lite;;Люблино;https://www.avito.ru/moskva/telefony/samsung_s20_ultra_lite_2044408981
Samsung galaxy note20 ultra n985 4g 2sim demo;;Щелковская;https://www.avito.ru/moskva/telefony/samsung_galaxy_note20_ultra_n985_4g_2sim_demo_1990363567
Samsung galaxy s10 plus 128gb комплект;;Сухаревская;https://www.avito.ru/moskva/telefony/samsung_galaxy_s10_plus_128gb_komplekt_2020400639
Мобильные телефоны бу samsung;;Белорусская;https://www.avito.ru/moskva/telefony/mobilnye_telefony_bu_samsung_2069939749
Черные samsung galaxy s10 lite g770ds 2sim demo;;Щелковская;https://www.avito.ru/moskva/telefony/chernye_samsung_galaxy_s10_lite_g770ds_2sim_demo_2054240868
Samsung galaxy active 2;;Деловой центр (МЦК);https://www.avito.ru/moskva/telefony/samsung_galaxy_active_2_2012422135
Новые Samsung S10 lite 8/128;;Лубянка;https://www.avito.ru/moskva/telefony/novye_samsung_s10_lite_8128_2055114513
Samsung Galaxy S8 4/64 Gb;;Академическая;https://www.avito.ru/moskva/telefony/samsung_galaxy_s8_464_gb_2067618581
Samsung galaxy note 9 128gb;;Печатники;https://www.avito.ru/moskva/telefony/samsung_galaxy_note_9_128gb_2046014365
Samsung galaxy note 10 plus 12/256 чёрный;;Багратионовская;https://www.avito.ru/moskva/telefony/samsung_galaxy_note_10_plus_12256_chernyy_2016824613
Samsung S10 plus (аквамарин);;Теплый стан;https://www.avito.ru/moskva/telefony/samsung_s10_plus_akvamarin_2049730063
Samsung Galaxy A5 2016 White(нет аккумулятора);;Преображенская площадь;https://www.avito.ru/moskva/telefony/samsung_galaxy_a5_2016_whitenet_akkumulyatora_2052855961
Белые samsung galaxy s10 lite g770ds 2sim demo;;Щелковская;https://www.avito.ru/moskva/telefony/belye_samsung_galaxy_s10_lite_g770ds_2sim_demo_2054667539
Samsung galaxy note 10 demo red 256gb;;Орехово;https://www.avito.ru/moskva/telefony/samsung_galaxy_note_10_demo_red_256gb_2050412519
Samsung galaxy s10 plus;;Планерная;https://www.avito.ru/moskva/telefony/samsung_galaxy_s10_plus_2052552961
Samsung galaxy s10 128 gb;;Строгино;https://www.avito.ru/moskva/telefony/samsung_galaxy_s10_128_gb_2066522190
Samsung galaxy a5;;Раменки;https://www.avito.ru/moskva/telefony/samsung_galaxy_a5_2047916910
Samsung Note 20 Ultra White Snapdragon 865+;;Киевская;https://www.avito.ru/moskva/telefony/samsung_note_20_ultra_white_snapdragon_865_2063266987
Samsung;;Царицыно;https://www.avito.ru/moskva/telefony/samsung_2059038666
Samsung galaxy a3;;Аэропорт;https://www.avito.ru/moskva/telefony/samsung_galaxy_a3_2056141386
Samsung galaxy a01;;Алтуфьево;https://www.avito.ru/moskva/telefony/samsung_galaxy_a01_2075623012
Samsung a6+;;Охотный ряд;https://www.avito.ru/moskva/telefony/samsung_a6_2066612626
Samsung Galaxy S9+ 64Gb Чек+Комплект+Чехол,Чёрный;;Семеновская;https://www.avito.ru/moskva/telefony/samsung_galaxy_s9_64gb_chekkomplektcheholchernyy_2022404952
Samsung galaxy note 10 demo silver;;Пражская;https://www.avito.ru/moskva/telefony/samsung_galaxy_note_10_demo_silver_2049921768
Samsung note 9 128gb (Ростест);;Тушинская;https://www.avito.ru/moskva/telefony/samsung_note_9_128gb_rostest_1997513844
Samsung Galaxy S20 Ultra 128Gb черный;;Рязанский проспект;https://www.avito.ru/moskva/telefony/samsung_galaxy_s20_ultra_128gb_chernyy_2071697954
Samsung s10 plus 8/128;;Минская;https://www.avito.ru/moskva/telefony/samsung_s10_plus_8128_2057610578
Samsung S20+ 128gb черный;;Улица 1905 года;https://www.avito.ru/moskva/telefony/samsung_s20_128gb_chernyy_2048204692
Samsung Galaxy m20 (32гб);;Щукинская;https://www.avito.ru/moskva/telefony/samsung_galaxy_m20_32gb_2064277831
Samsung S9+ 64gb;;Щукинская;https://www.avito.ru/moskva/telefony/samsung_s9_64gb_2049289667
Samsung;;Семеновская;https://www.avito.ru/moskva/telefony/samsung_2028498529
Samsung galaxy a5 2017 32gb;;Багратионовская;https://www.avito.ru/moskva/telefony/samsung_galaxy_a5_2017_32gb_2016066742
Samsung galaxy s9 plus 6/64gb;;Царицыно;https://www.avito.ru/moskva/telefony/samsung_galaxy_s9_plus_664gb_2052390419
Samsung Galaxy A51 128GB Black;;Новые Черемушки;https://www.avito.ru/moskva/telefony/samsung_galaxy_a51_128gb_black_2075723062
Samsung z flip;;Щукинская;https://www.avito.ru/moskva/telefony/samsung_z_flip_2018916571
Samsung galaxy s9 plus;;Войковская;https://www.avito.ru/moskva/telefony/samsung_galaxy_s9_plus_2055426430
Samsung galaxy s9 plus 64gb;;Молодежная;https://www.avito.ru/moskva/telefony/samsung_galaxy_s9_plus_64gb_2056541739
Samsung galaxy s9+64gb;;Варшавская;https://www.avito.ru/moskva/telefony/samsung_galaxy_s964gb_2073629344
Samsung a70;;Теплый стан;https://www.avito.ru/moskva/telefony/samsung_a70_2066925188
Samsung S9 Plus 64gb;;Савеловская;https://www.avito.ru/moskva/telefony/samsung_s9_plus_64gb_2047090296
Samsung S9 (ультрафиолет);;Савеловская;https://www.avito.ru/moskva/telefony/samsung_s9_ultrafiolet_2062824200
Samsung galaxy s10 plus;;Пролетарская;https://www.avito.ru/moskva/telefony/samsung_galaxy_s10_plus_2065421523
Samsung;;Курская;https://www.avito.ru/moskva/telefony/samsung_2061525784
Samsung s10 lite demo (Черный);;Лубянка;https://www.avito.ru/moskva/telefony/samsung_s10_lite_demo_chernyy_2059212559
Samsung galaxy s10 plus;;Пролетарская;https://www.avito.ru/moskva/telefony/samsung_galaxy_s10_plus_2065421523
Samsung;;Курская;https://www.avito.ru/moskva/telefony/samsung_2061525784
Samsung Galaxy A51 64gb Grey;;Марксистская;https://www.avito.ru/moskva/telefony/samsung_galaxy_a51_64gb_grey_2050152799
Samsung s8 demo без сим модуля;;Пражская;https://www.avito.ru/moskva/telefony/samsung_s8_demo_bez_sim_modulya_2064763998
Samsung Galaxy S20 Ultra 128 GB Чёрный Duos;;Площадь Ильича;https://www.avito.ru/moskva/telefony/samsung_galaxy_s20_ultra_128_gb_chernyy_duos_2058869835
Samsung galaxy note 10 обмен;;Шелепиха;https://www.avito.ru/moskva/telefony/samsung_galaxy_note_10_obmen_2073751374
Samsung galaxy s8 plus;;Каширская;https://www.avito.ru/moskva/telefony/samsung_galaxy_s8_plus_2077551142
Samsung galaxy note 8 бу;;Рязанский проспект;https://www.avito.ru/moskva/telefony/samsung_galaxy_note_8_bu_2058163819
Samsung galaxy S8 plus 64gb;;Бунинская аллея;https://www.avito.ru/moskva/telefony/samsung_galaxy_s8_plus_64gb_2048087295
Samsung galaxy A80 128 гб. angel gold Б/У;;Савеловская;https://www.avito.ru/moskva/telefony/samsung_galaxy_a80_128_gb._angel_gold_bu_2057494279
Samsung galaxy fold;;Добрынинская;https://www.avito.ru/moskva/telefony/samsung_galaxy_fold_2061885801
Samsung Galaxy Note 10 Plus 256 gb. Aura Black Б/У;;Балтийская;https://www.avito.ru/moskva/telefony/samsung_galaxy_note_10_plus_256_gb._aura_black_bu_2057685197
Samsung Galaxy a8 32 GB Gold б/у;;Черкизовская;https://www.avito.ru/moskva/telefony/samsung_galaxy_a8_32_gb_gold_bu_2057483156
Samsung galaxy fold 512 Гб. черный б/у;;Царицыно;https://www.avito.ru/moskva/telefony/samsung_galaxy_fold_512_gb._chernyy_bu_2057361099
Samsung galaxy a31 64gb;;Южная;https://www.avito.ru/moskva/telefony/samsung_galaxy_a31_64gb_2062305184
Samsung s8 64GB;;Дмитровская;https://www.avito.ru/moskva/telefony/samsung_s8_64gb_2007849861
Samsung galaxy s20 ultra 5g;;Молодежная;https://www.avito.ru/moskva/telefony/samsung_galaxy_s20_ultra_5g_2068696336
Samsung GT-E1080W;;Марьина Роща;https://www.avito.ru/moskva/telefony/samsung_gt-e1080w_1815568941
Samsung galaxy A6 plus;;Братиславская;https://www.avito.ru/moskva/telefony/samsung_galaxy_a6_plus_2064036120
Samsung Galaxy Note 10+;;Багратионовская;https://www.avito.ru/moskva/telefony/samsung_galaxy_note_10_2049599806
Samsung galaxy a91;;Митино;https://www.avito.ru/moskva/telefony/samsung_galaxy_a91_2060714253
Samsung Galaxy Note 10+ demo ldu опт;;Марксистская;https://www.avito.ru/moskva/telefony/samsung_galaxy_note_10_demo_ldu_opt_2049389251
Продам Samsung Galaxy Note 10 8/256Gb ростест;;Владыкино;https://www.avito.ru/moskva/telefony/prodam_samsung_galaxy_note_10_8256gb_rostest_2057978755
Samsung S8 (скол) оригинал;;Алтуфьево;https://www.avito.ru/moskva/telefony/samsung_s8_skol_original_2071344907
Samsung s20;;Селигерская;https://www.avito.ru/moskva/telefony/samsung_s20_2049579466
Samsung Galaxy A41;;Фили;https://www.avito.ru/moskva/telefony/samsung_galaxy_a41_2001458452
Samsung galaxy note 20 ultra;;Шоссе Энтузиастов;https://www.avito.ru/moskva/telefony/samsung_galaxy_note_20_ultra_2058552139
Samsung galaxy s8 duos;;Улица Дмитриевского;https://www.avito.ru/moskva/telefony/samsung_galaxy_s8_duos_2065626152
Samsung note 20;;Печатники;https://www.avito.ru/moskva/telefony/samsung_note_20_2047292511
Samsung S8 SM-G950X;;Черкизовская;https://www.avito.ru/moskva/telefony/samsung_s8_sm-g950x_2067493543
Samsung Galaxy S8+ (SM-G955FD);;Фили;https://www.avito.ru/moskva/telefony/samsung_galaxy_s8_sm-g955fd_1989040219
Samsung Galaxy Note 10 Plus 12/256Gb (Snap855);;Петровский парк;https://www.avito.ru/moskva/telefony/samsung_galaxy_note_10_plus_12256gb_snap855_2046209311
Samsung galaxy note 10;;Люблино;https://www.avito.ru/moskva/telefony/samsung_galaxy_note_10_2047787697
Samsung S20 Ultra G988B Офиц разблокирован;;Отрадное;https://www.avito.ru/moskva/telefony/samsung_s20_ultra_g988b_ofits_razblokirovan_1986572356
Samsung galaxy J1 mini 8 гб Gold б/у;;Маяковская;https://www.avito.ru/moskva/telefony/samsung_galaxy_j1_mini_8_gb_gold_bu_2056933893
Samsung Galaxy S10 Plus 128Gb Snapdragon 855;;Владыкино;https://www.avito.ru/moskva/telefony/samsung_galaxy_s10_plus_128gb_snapdragon_855_2058296949
Samsung Galaxy Note Edge 32gb;;Площадь революции;https://www.avito.ru/moskva/telefony/samsung_galaxy_note_edge_32gb_2071544859
Samsung Galaxy A50 64gb Blue;;ВДНХ;https://www.avito.ru/moskva/telefony/samsung_galaxy_a50_64gb_blue_1986789268
Телефон samsung galaxy a7 2017 (sm-a720);;Белорусская;https://www.avito.ru/moskva/telefony/telefon_samsung_galaxy_a7_2017_sm-a720_2074550079
Samsung galaxy note 10 plus demo (LDU);;Текстильщики;https://www.avito.ru/moskva/telefony/samsung_galaxy_note_10_plus_demo_ldu_2066600817
Samsung galaxy A 71;;Некрасовка;https://www.avito.ru/moskva/telefony/samsung_galaxy_a_71_2052566830
Samsung Galaxy A01;;Кузьминки;https://www.avito.ru/moskva/telefony/samsung_galaxy_a01_2049782063
Samsung Galaxy A50 128gb 2 sim оригинал SM-A505;;Китай-город;https://www.avito.ru/moskva/telefony/samsung_galaxy_a50_128gb_2_sim_original_sm-a505_2020634731
Смартфон Samsung Galaxy J5 (2016) черный 16гб;;Солнцево;https://www.avito.ru/moskva/telefony/smartfon_samsung_galaxy_j5_2016_chernyy_16gb_2057338388
Samsung galaxy fold 512;;Улица 1905 года;https://www.avito.ru/moskva/telefony/samsung_galaxy_fold_512_2066520628
Samsung galaxy s20 gray;;Белорусская;https://www.avito.ru/moskva/telefony/samsung_galaxy_s20_gray_2070365748
Samsung Galaxy Note 10 Plus 12/256Gb (N975f);;Окружная;https://www.avito.ru/moskva/telefony/samsung_galaxy_note_10_plus_12256gb_n975f_2055761904
Samsung Galaxy A50 4/64 (Хамелеон);;Рязанский проспект;https://www.avito.ru/moskva/telefony/samsung_galaxy_a50_464_hameleon_2060047715
Samsung note 10 Голубой (Blue) 8/256 / обмен;;Калужская;https://www.avito.ru/moskva/telefony/samsung_note_10_goluboy_blue_8256_obmen_2047315171
Samsung galaxy a51 64gb;;Лухмановская;https://www.avito.ru/moskva/telefony/samsung_galaxy_a51_64gb_2072423641
Samsung Galaxy J7 2017 16 GB. gold Б/У;;Озёрная;https://www.avito.ru/moskva/telefony/samsung_galaxy_j7_2017_16_gb._gold_bu_2057307008
Samsung a50 на запчасти;;Выставочная;https://www.avito.ru/moskva/telefony/samsung_a50_na_zapchasti_2069648240
Samsung S9 SM-G960X;;Черкизовская;https://www.avito.ru/moskva/telefony/samsung_s9_sm-g960x_2067506856
Samsung Galaxy A51 64gb Grey;;Митино;https://www.avito.ru/moskva/telefony/samsung_galaxy_a51_64gb_grey_2069165659
Samsung S9 Plus 256Гб Pcт, на гарантии, в идеале;;Курская;https://www.avito.ru/moskva/telefony/samsung_s9_plus_256gb_pct_na_garantii_v_ideale_2067512999
Samsung Galaxy Z Flip Black 256GB;;Алма-Атинская;https://www.avito.ru/moskva/telefony/samsung_galaxy_z_flip_black_256gb_2055201421
Samsung galaxy s8;;Беляево;https://www.avito.ru/moskva/telefony/samsung_galaxy_s8_2070636694
Samsung Galaxy S20 FE 128gb. рст. Новый + допы;;Ховрино;https://www.avito.ru/moskva/telefony/samsung_galaxy_s20_fe_128gb._rst._novyy_dopy_2056553321
Samsung s10 plus 8/128gb Dual;;Библиотека им. Ленина;https://www.avito.ru/moskva/telefony/samsung_s10_plus_8128gb_dual_2065352744
Samsung galaxy s9+ 256gb;;Новопеределкино;https://www.avito.ru/moskva/telefony/samsung_galaxy_s9_256gb_2019563296
Samsung Galaxy S9+256 гб black полный комплект;;Чистые пруды;https://www.avito.ru/moskva/telefony/samsung_galaxy_s9256_gb_black_polnyy_komplekt_2037164621
Samsung A01;;Шоссе Энтузиастов;https://www.avito.ru/moskva/telefony/samsung_a01_2047738973
Samsung galaxy a5 2017 32 GB gold sand б/у;;Жулебино;https://www.avito.ru/moskva/telefony/samsung_galaxy_a5_2017_32_gb_gold_sand_bu_2057254167
Samsung galaxy s8plus;;Беляево;https://www.avito.ru/moskva/telefony/samsung_galaxy_s8plus_2070287050
Samsung S20 Ultra 5G 256gb Black;;Комсомольская;https://www.avito.ru/moskva/telefony/samsung_s20_ultra_5g_256gb_black_2075444079
Samsung Galaxy A50 4/64 (Белый);;Рязанский проспект;https://www.avito.ru/moskva/telefony/samsung_galaxy_a50_464_belyy_2060072721
Звонящие Samsung s10 lite, s20 plus, s20 ultra, de;;Щелковская;https://www.avito.ru/moskva/telefony/zvonyaschie_samsung_s10_lite_s20_plus_s20_ultra_de_2017354322
Samsung A01 Core;;ВДНХ;https://www.avito.ru/moskva/telefony/samsung_a01_core_2073748004
Samsung Galaxy Note8. С полным комплектом;;Новослободская;https://www.avito.ru/moskva/telefony/samsung_galaxy_note8._s_polnym_komplektom_2051988972
Samsung Galaxy S9 Plus 256/6 gb;;Саларьево;https://www.avito.ru/moskva/telefony/samsung_galaxy_s9_plus_2566_gb_2061546767
Samsung мини 3;;Бунинская аллея;https://www.avito.ru/moskva/telefony/samsung_mini_3_2006170780
Samsung galaxy S9 Plus;;Савеловская;https://www.avito.ru/moskva/telefony/samsung_galaxy_s9_plus_2065686362
Samsung sgh-a800 silver;;Свиблово;https://www.avito.ru/moskva/telefony/samsung_sgh-a800_silver_703181287
Samsung Galaxy S7/S8/S9/S10/Note 8/Note 9;;Савеловская;https://www.avito.ru/moskva/telefony/samsung_galaxy_s7s8s9s10note_8note_9_2018719015
Samsung galaxy s10;;;https://www.avito.ru/moskva_zelenograd/telefony/samsung_galaxy_s10_2055127243
Samsung a50 64GB;;;https://www.avito.ru/moskva/telefony/samsung_a50_64gb_2066368067
Samsung Galaxy Note 10 Plus 256 Гб. aura black Б/у;;Киевская;https://www.avito.ru/moskva/telefony/samsung_galaxy_note_10_plus_256_gb._aura_black_bu_2057004146
Samsung galaxy a12 4/64gb blue;;Бунинская аллея;https://www.avito.ru/moskva/telefony/samsung_galaxy_a12_464gb_blue_2054203625
Samsung galaxy A50s 6/128 Gb;;Кунцевская;https://www.avito.ru/moskva/telefony/samsung_galaxy_a50s_6128_gb_1953060764
Samsung s9;;Крестьянская застава;https://www.avito.ru/moskva/telefony/samsung_s9_2038644604
Samsung s 10 e;;Теплый стан;https://www.avito.ru/moskva/telefony/samsung_s_10_e_2067403226
Samsung Note 10+ 12/256;;Ломоносовский проспект;https://www.avito.ru/moskva/telefony/samsung_note_10_12256_2064299900
Samsung Galaxy s9+ 256gb duos;;ВДНХ;https://www.avito.ru/moskva/telefony/samsung_galaxy_s9_256gb_duos_2062282379
Samsung S20 Ultra 5G 128 Гб;;Отрадное;https://www.avito.ru/moskva/telefony/samsung_s20_ultra_5g_128_gb_2074887161
Samsung galaxy J1 2016;;Бибирево;https://www.avito.ru/moskva/telefony/samsung_galaxy_j1_2016_2076303518
Samsung Galaxy a 51 128 г;;Владыкино;https://www.avito.ru/moskva/telefony/samsung_galaxy_a_51_128_g_2066029471
Samsung galaxy s8 plus 64 gb (синий);;Марьино;https://www.avito.ru/moskva/telefony/samsung_galaxy_s8_plus_64_gb_siniy_2019933361
Samsung S9+ 64gb;;Тропарево;https://www.avito.ru/moskva/telefony/samsung_s9_64gb_2023279817
Samsung Galaxy A51-Black Brilliant;;Домодедовская;https://www.avito.ru/moskva/telefony/samsung_galaxy_a51-black_brilliant_2060161687
Samsung A3(16), S4 mini, S5 на запчасти;;Домодедовская;https://www.avito.ru/moskva/telefony/samsung_a316_s4_mini_s5_na_zapchasti_2061301739
Samsung Galaxy S8;;Хорошево;https://www.avito.ru/moskva/telefony/samsung_galaxy_s8_2063781420
Samsung galaxy m21;;Каховская;https://www.avito.ru/moskva/telefony/samsung_galaxy_m21_2073242059
Samsung Galaxy S8;;Октябрьское поле;https://www.avito.ru/moskva/telefony/samsung_galaxy_s8_2069834981
Телефон Samsung A51 64gb;;Бабушкинская;https://www.avito.ru/moskva/telefony/telefon_samsung_a51_64gb_2058637034
Samsung galaxy s10;;Кунцевская;https://www.avito.ru/moskva/telefony/samsung_galaxy_s10_2057823809
Samsung Galaxy S10 Plus 8/128Gb (G975fd) Ru;;Окружная;https://www.avito.ru/moskva/telefony/samsung_galaxy_s10_plus_8128gb_g975fd_ru_2055153382
Samsung a50 4/64gb.ростест(на запчасти);;Селигерская;https://www.avito.ru/moskva/telefony/samsung_a50_464gb.rostestna_zapchasti_2072327851
Samsung Galaxy S8 Plus. Комплектация, гарантия;;Серпуховская;https://www.avito.ru/moskva/telefony/samsung_galaxy_s8_plus._komplektatsiya_garantiya_2035169249
Samsung galaxy a50 blue;;Серпуховская;https://www.avito.ru/moskva/telefony/samsung_galaxy_a50_blue_2049583064
Samsung A51;;Лухмановская;https://www.avito.ru/moskva/telefony/samsung_a51_2050377936
Samsung м11;;Люблино;https://www.avito.ru/moskva/telefony/samsung_m11_2068418004
Телефон Samsung Galaxy S20 Ultra 5G (512 Gb);;Марксистская;https://www.avito.ru/moskva/telefony/telefon_samsung_galaxy_s20_ultra_5g_512_gb_2048247516
Samsung Galaxy Note 10 demo;;Косино;https://www.avito.ru/moskva/telefony/samsung_galaxy_note_10_demo_1829894653
Samsung a50 4/64gb.ростест;;Селигерская;https://www.avito.ru/moskva/telefony/samsung_a50_464gb.rostest_2075476712
Samsung note 10;;Селигерская;https://www.avito.ru/moskva/telefony/samsung_note_10_2053360394
Samsung galaxy s10;;Сходненская;https://www.avito.ru/moskva/telefony/samsung_galaxy_s10_1812151285
Samsung Galaxy S8 Plus 64Gb;;Октябрьское поле;https://www.avito.ru/moskva/telefony/samsung_galaxy_s8_plus_64gb_2067823013
Samsung Galaxy S20 Ultra 5g (256gb);;Нагорная;https://www.avito.ru/moskva/telefony/samsung_galaxy_s20_ultra_5g_256gb_2072622394
Samsung Galaxy J7 2017 16 GB черный б/у;;Парк Победы;https://www.avito.ru/moskva/telefony/samsung_galaxy_j7_2017_16_gb_chernyy_bu_2057395744
Samsung Galaxy A50 64gb Black;;Фили;https://www.avito.ru/moskva/telefony/samsung_galaxy_a50_64gb_black_1986661276
Samsung galaxy note 20 ultra 256;;Международная;https://www.avito.ru/moskva/telefony/samsung_galaxy_note_20_ultra_256_2073280560
Samsung Galaxy S9. Состояние почти новье, идеал;;Кузнецкий мост;https://www.avito.ru/moskva/telefony/samsung_galaxy_s9._sostoyanie_pochti_nove_ideal_2030617536
Samsung galaxy s9 64gb;;Профсоюзная;https://www.avito.ru/moskva/telefony/samsung_galaxy_s9_64gb_2048296784
Samsung Galaxy S20FE 256GB Синий Snapdragon 865;;Савеловская;https://www.avito.ru/moskva/telefony/samsung_galaxy_s20fe_256gb_siniy_snapdragon_865_2076923917
Samsung galaxy j9s новый;;Тимирязевская;https://www.avito.ru/moskva/telefony/samsung_galaxy_j9s_novyy_2016011563
Samsung s10e 6/128gb;;Щелковская;https://www.avito.ru/moskva/telefony/samsung_s10e_6128gb_2043199358
SAMSUNG s7 edge;;Бунинская аллея;https://www.avito.ru/moskva/telefony/samsung_s7_edge_1924521720
Samsung Galaxy M11;;Автозаводская;https://www.avito.ru/moskva/telefony/samsung_galaxy_m11_2069012460
Телефон Samsung A30s 32Гб;;Селигерская;https://www.avito.ru/moskva/telefony/telefon_samsung_a30s_32gb_2056514687
Samsung note 20 ultra 5G 12/256GB Snapdragon Black;;Багратионовская;https://www.avito.ru/moskva/telefony/samsung_note_20_ultra_5g_12256gb_snapdragon_black_2007959843
Samsung Galaxy a7 2018 64 GB Black б/у;;Лермонтовский проспект;https://www.avito.ru/moskva/telefony/samsung_galaxy_a7_2018_64_gb_black_bu_2057301064
Samsung galaxy s10e 128 Гб Черный Б/у;;Площадь революции;https://www.avito.ru/moskva/telefony/samsung_galaxy_s10e_128_gb_chernyy_bu_2057443594
Samsung Galaxy S 20 ultra 5G 512 гб;;Орехово;https://www.avito.ru/moskva/telefony/samsung_galaxy_s_20_ultra_5g_512_gb_2072208621
Samsung A7 2018 64gb рст синий+обмен;;Третьяковская;https://www.avito.ru/moskva/telefony/samsung_a7_2018_64gb_rst_siniyobmen_1867918588
Samsung a30 demo;;Тушинская;https://www.avito.ru/moskva/telefony/samsung_a30_demo_2071421941
Samsung galaxy fold 512 Гб. черный б/у;;Царицыно;https://www.avito.ru/moskva/telefony/samsung_galaxy_fold_512_gb._chernyy_bu_2057361099
Samsung Galaxy S8. В идеальном состоянии, чек есть;;Площадь революции;https://www.avito.ru/moskva/telefony/samsung_galaxy_s8._v_idealnom_sostoyanii_chek_est_2028347527
Телефон Samsung A3 2015;;Марьино;https://www.avito.ru/moskva/telefony/telefon_samsung_a3_2015_1975637619
Телефон Samsung note 3 и 4;;Академическая;https://www.avito.ru/moskva/telefony/telefon_samsung_note_3_i_4_2068868283
Samsung galaxy s4 mini;;Медведково;https://www.avito.ru/moskva/telefony/samsung_galaxy_s4_mini_2047058222
Samsung galaxy A50 Demo;;Тушинская;https://www.avito.ru/moskva/telefony/samsung_galaxy_a50_demo_2071073073
Samsung S20 Ultra Gray;;Профсоюзная;https://www.avito.ru/moskva/telefony/samsung_s20_ultra_gray_2016640795
Samsung Galaxy A71 6/128Gb Black;;Новослободская;https://www.avito.ru/moskva/telefony/samsung_galaxy_a71_6128gb_black_2003758396
Samsung A01;;Автозаводская;https://www.avito.ru/moskva/telefony/samsung_a01_2057168245
Samsung galaxy s10 snapdragon 128gb black;;Петровско-Разумовская;https://www.avito.ru/moskva/telefony/samsung_galaxy_s10_snapdragon_128gb_black_2068877009
Samsung S10;;Савеловская;https://www.avito.ru/moskva/telefony/samsung_s10_2047366712
Samsung Galaxy S9 Plus Оригинал;;Хорошевская;https://www.avito.ru/moskva/telefony/samsung_galaxy_s9_plus_original_2055560863
Телефон Samsung galaxy note 10 plus 256;;Рязанский проспект;https://www.avito.ru/moskva/telefony/telefon_samsung_galaxy_note_10_plus_256_2054632774
Samsung galaxy a40 64 гб черный б/у;;Савеловская;https://www.avito.ru/moskva/telefony/samsung_galaxy_a40_64_gb_chernyy_bu_2057772940
Samsung a51;;Владыкино;https://www.avito.ru/moskva/telefony/samsung_a51_2047884335
Samsung galaxy a50 64gb;;Красносельская;https://www.avito.ru/moskva/telefony/samsung_galaxy_a50_64gb_2054274057
Samsung Galaxy Grand 2 состоянии отличное;;Площадь революции;https://www.avito.ru/moskva/telefony/samsung_galaxy_grand_2_sostoyanii_otlichnoe_2055707617
Samsung Galaxy a70,128gb,Duos;;Бибирево;https://www.avito.ru/moskva/telefony/samsung_galaxy_a70128gbduos_2069042527
Samsung galaxy s8 желтый топаз;;Багратионовская;https://www.avito.ru/moskva/telefony/samsung_galaxy_s8_zheltyy_topaz_2015990642
Samsung Galaxy S8 идеал без выгораний и ремонта;;Полянка;https://www.avito.ru/moskva/telefony/samsung_galaxy_s8_ideal_bez_vygoraniy_i_remonta_2045610537
Samsung S20Ultra Серый;;Улица Горчакова;https://www.avito.ru/moskva/telefony/samsung_s20ultra_seryy_2060657835
